{"graph": {"_type": "graph-file", "sha256": "bc567e32364c14dd8ebc71c8c0b05a9823a0b382683ce7eb6e02083980e83ac9", "size": 1352, "path": "media/graph/graph_summary_bc567e32364c14dd8ebc.graph.json"}, "epoch": 0, "_timestamp": 1701242546.8864548, "loss": 1.0467002391815186, "accuracy": 0.5670024752616882, "top_k_accuracy": 0.8690363168716431, "val_loss": 1.1314868927001953, "val_accuracy": 0.44209927320480347, "val_top_k_accuracy": 0.557330310344696, "_runtime": 573.5162487030029, "_step": 0, "best_val_loss": 1.1314868927001953, "best_epoch": 0}